{
  "dataset": {
    "total_entries": 293047,
    "unique_sentences": 283375,
    "source_files": 13,
    "source_file_counts": {
      "corpus_fleuron": 2875,
      "corpus_crfp": 29965,
      "corpus_valibel": 36573,
      "corpus_cfpb": 4953,
      "propicto-eval": 3011,
      "corpus_cfpp": 41582,
      "corpus_tcof": 27099,
      "corpus_ofrom": 21566,
      "corpus_coralrom": 18422,
      "corpus_clapi": 20794,
      "corpus_reunions": 16566,
      "corpus_tufs": 56896,
      "corpus_frenchoralnarrative": 12745
    }
  },
  "sentences": {
    "average_length": 10.112773718891509,
    "min_length": 1,
    "max_length": 102,
    "length_distribution": {
      "6": 28877,
      "8": 26751,
      "9": 23121,
      "5": 24673,
      "7": 28752,
      "17": 5357,
      "15": 7797,
      "12": 13433,
      "4": 18189,
      "3": 11991,
      "11": 16366,
      "10": 19602,
      "27": 1152,
      "13": 11561,
      "14": 9383,
      "24": 1712,
      "23": 2083,
      "19": 3842,
      "16": 6482,
      "2": 8667,
      "18": 4675,
      "22": 2397,
      "28": 924,
      "30": 696,
      "21": 2819,
      "25": 1532,
      "20": 3175,
      "35": 344,
      "33": 423,
      "34": 386,
      "26": 1314,
      "36": 309,
      "29": 800,
      "50": 47,
      "37": 284,
      "42": 138,
      "47": 75,
      "32": 521,
      "71": 6,
      "45": 118,
      "31": 562,
      "38": 217,
      "55": 25,
      "46": 81,
      "54": 35,
      "40": 163,
      "44": 122,
      "48": 77,
      "41": 158,
      "85": 2,
      "68": 9,
      "59": 23,
      "51": 53,
      "73": 6,
      "62": 17,
      "39": 214,
      "56": 36,
      "57": 24,
      "49": 67,
      "43": 112,
      "58": 16,
      "63": 16,
      "52": 49,
      "64": 12,
      "53": 34,
      "75": 3,
      "66": 10,
      "69": 5,
      "78": 4,
      "90": 5,
      "67": 7,
      "60": 19,
      "72": 5,
      "74": 10,
      "65": 9,
      "77": 8,
      "80": 1,
      "81": 4,
      "83": 1,
      "61": 10,
      "79": 4,
      "99": 1,
      "102": 1,
      "70": 8,
      "1": 18,
      "87": 1,
      "88": 1,
      "76": 2,
      "93": 1,
      "97": 1,
      "96": 1,
      "91": 1,
      "82": 1,
      "84": 1
    }
  },
  "pictogram_sequences": {
    "average_length": 8.602971536988948,
    "min_length": 0,
    "max_length": 99,
    "length_distribution": {
      "6": 31693,
      "7": 29155,
      "10": 17093,
      "4": 25031,
      "14": 7306,
      "9": 21311,
      "1": 7114,
      "3": 17511,
      "5": 30228,
      "11": 13905,
      "12": 11133,
      "23": 1345,
      "13": 8999,
      "17": 3985,
      "16": 4880,
      "15": 5946,
      "19": 2732,
      "8": 25563,
      "2": 10859,
      "27": 656,
      "24": 1093,
      "18": 3276,
      "20": 2270,
      "0": 863,
      "30": 413,
      "21": 1893,
      "22": 1603,
      "26": 768,
      "33": 234,
      "28": 555,
      "25": 860,
      "45": 54,
      "38": 118,
      "32": 291,
      "67": 3,
      "31": 359,
      "40": 88,
      "34": 210,
      "46": 37,
      "35": 182,
      "44": 58,
      "29": 450,
      "39": 103,
      "36": 156,
      "78": 1,
      "41": 80,
      "37": 127,
      "64": 5,
      "42": 74,
      "55": 14,
      "47": 43,
      "65": 3,
      "49": 31,
      "54": 14,
      "43": 67,
      "50": 21,
      "48": 29,
      "53": 16,
      "52": 20,
      "57": 15,
      "61": 11,
      "81": 2,
      "51": 21,
      "63": 7,
      "56": 10,
      "58": 14,
      "62": 5,
      "68": 2,
      "85": 1,
      "77": 3,
      "70": 4,
      "69": 3,
      "59": 7,
      "90": 1,
      "99": 1,
      "66": 2,
      "73": 2,
      "74": 1,
      "83": 2,
      "84": 1,
      "71": 2,
      "60": 2,
      "72": 1
    }
  },
  "pictograms": {
    "total_occurrences": 2521075,
    "unique_pictograms": 6783,
    "top_50_pictograms": {
      "8476": 128387,
      "36480": 114231,
      "7074": 112314,
      "6632": 94271,
      "11351": 83735,
      "9839": 78665,
      "7095": 70238,
      "31672": 51466,
      "11399": 49814,
      "5526": 45169,
      "8477": 40398,
      "11709": 40147,
      "7041": 40005,
      "6906": 39994,
      "32761": 36294,
      "2627": 34218,
      "5584": 30037,
      "11377": 30012,
      "6625": 28266,
      "5374": 27727,
      "6190": 27328,
      "6480": 26824,
      "9001": 24150,
      "8474": 22770,
      "7034": 20317,
      "9693": 19336,
      "7194": 19049,
      "5596": 18508,
      "7304": 18014,
      "7032": 17750,
      "5375": 17116,
      "16080": 17080,
      "2704": 15689,
      "11348": 14689,
      "5508": 14033,
      "9829": 13965,
      "7028": 13869,
      "37779": 13660,
      "7064": 12509,
      "5525": 12503,
      "15523": 12273,
      "35949": 12176,
      "6564": 11970,
      "12313": 11666,
      "28359": 11505,
      "34641": 11408,
      "16885": 11398,
      "8142": 11396,
      "5451": 10907,
      "11317": 10284
    }
  }
}